tau_k_grid,govt_cap_tax_revenue
0,0
0.001001001001001,0.00056156119068904
0.002002002002002,0.00112311831654961
0.003003003003003,0.0016846713378041
0.004004004004004,0.00224622021954725
0.005005005005005,0.00280776492577938
0.00600600600600601,0.00336930541166359
0.00700700700700701,0.00393084164118204
0.00800800800800801,0.00449237357512843
0.00900900900900901,0.00505390117418979
0.01001001001001,0.00561542439816014
0.011011011011011,0.00617694320837812
0.012012012012012,0.00673845756410709
0.013013013013013,0.00729996742501211
0.014014014014014,0.00786147275055995
0.015015015015015,0.00842297349950667
0.016016016016016,0.00898446963087144
0.017017017017017,0.00954596109168991
0.018018018018018,0.0101074478620178
0.019019019019019,0.010668929889471
0.02002002002002,0.011230407131736
0.021021021021021,0.0117918795469261
0.022022022022022,0.0123533470910306
0.023023023023023,0.012914809721608
0.024024024024024,0.0134762673952155
0.025025025025025,0.0140377200694432
0.026026026026026,0.0145991676979094
0.027027027027027,0.015160610237596
0.028028028028028,0.0157220476446328
0.029029029029029,0.0162834798729774
0.03003003003003,0.0168449068781752
0.031031031031031,0.0174063286440322
0.032032032032032,0.0179677450453578
0.033033033033033,0.0185291561080449
0.034034034034034,0.0190905617644563
0.035035035035035,0.0196519619688297
0.036036036036036,0.0202133566725941
0.037037037037037,0.0207747458296487
0.038038038038038,0.0213361293924703
0.039039039039039,0.0218975073151972
0.04004004004004,0.0224588795461351
0.041041041041041,0.0230202460386618
0.042042042042042,0.0235816067453701
0.043043043043043,0.0241429616152417
0.044044044044044,0.0247043105998904
0.045045045045045,0.0252656536500173
0.046046046046046,0.0258269907156362
0.047047047047047,0.0263883217464423
0.048048048048048,0.0269496466922192
0.049049049049049,0.0275109655020324
0.0500500500500501,0.0280722781257766
0.0510510510510511,0.0286335845100042
0.0520520520520521,0.0291948846038138
0.0530530530530531,0.0297561783582098
0.0540540540540541,0.0303174657151267
0.0550550550550551,0.0308787466244262
0.0560560560560561,0.0314400210333746
0.0570570570570571,0.032001288889744
0.0580580580580581,0.0325625501370517
0.0590590590590591,0.033123804722903
0.0600600600600601,0.0336850525927588
0.0610610610610611,0.0342462937092865
0.0620620620620621,0.0348075279831304
0.0630630630630631,0.0353687553758921
0.0640640640640641,0.0359299758330119
0.0650650650650651,0.0364911892960857
0.0660660660660661,0.03705239570989
0.0670670670670671,0.0376135950207817
0.0680680680680681,0.0381747871655068
0.0690690690690691,0.0387359720897014
0.0700700700700701,0.039297149735393
0.0710710710710711,0.0398583200463063
0.0720720720720721,0.0404194829605962
0.0730730730730731,0.0409806384213049
0.0740740740740741,0.0415417863690337
0.0750750750750751,0.0421029267440231
0.0760760760760761,0.0426640594867693
0.0770770770770771,0.0432251845367882
0.0780780780780781,0.0437863018332277
0.0790790790790791,0.0443474113171304
0.0800800800800801,0.0449085129276933
0.0810810810810811,0.0454696065965552
0.0820820820820821,0.0460306922660499
0.0830830830830831,0.0465917698734668
0.0840840840840841,0.0471528393557225
0.0850850850850851,0.0477139006500426
0.0860860860860861,0.0482749536943393
0.0870870870870871,0.0488359984208735
0.0880880880880881,0.0493970347675116
0.0890890890890891,0.0499580626692559
0.0900900900900901,0.0505190820607219
0.0910910910910911,0.0510800928768768
0.0920920920920921,0.0516410950515547
0.0930930930930931,0.0522020885181953
0.0940940940940941,0.0527630732173072
0.0950950950950951,0.0533240490681546
0.0960960960960961,0.0538850160096789
0.0970970970970971,0.0544459739745073
0.0980980980980981,0.0550069228940833
0.0990990990990991,0.0555678626994444
0.1001001001001,0.0561287933220361
0.101101101101101,0.0566897147081531
0.102102102102102,0.0572506267558434
0.103103103103103,0.0578115294110469
0.104104104104104,0.0583724226027331
0.105105105105105,0.0589333062594726
0.106106106106106,0.0594941803102593
0.107107107107107,0.0600550446876462
0.108108108108108,0.0606158993093015
0.109109109109109,0.0611767441098125
0.11011011011011,0.0617375790115676
0.111111111111111,0.0622984039426279
0.112112112112112,0.0628592188294725
0.113113113113113,0.063420023597257
0.114114114114114,0.0639808181710041
0.115115115115115,0.0645416024750039
0.116116116116116,0.0651023764361402
0.117117117117117,0.0656631399735345
0.118118118118118,0.0662238930122987
0.119119119119119,0.0667846354758725
0.12012012012012,0.0673453672863182
0.121121121121121,0.0679060883707318
0.122122122122122,0.0684667986402605
0.123123123123123,0.0690274980210922
0.124124124124124,0.0695881864357027
0.125125125125125,0.0701488638003634
0.126126126126126,0.0707095300366494
0.127127127127127,0.0712701850634133
0.128128128128128,0.07183082880005
0.129129129129129,0.0723914611644747
0.13013013013013,0.0729520820741318
0.131131131131131,0.0735126914470284
0.132132132132132,0.0740732892019821
0.133133133133133,0.0746338752506843
0.134134134134134,0.0751944495110241
0.135135135135135,0.0757550119052122
0.136136136136136,0.0763155623355897
0.137137137137137,0.0768761007223629
0.138138138138138,0.0774366269801851
0.139139139139139,0.0779971410221521
0.14014014014014,0.0785576427632841
0.141141141141141,0.0791181321694476
0.142142142142142,0.0796786090403887
0.143143143143143,0.0802390733440644
0.144144144144144,0.0807995249920765
0.145145145145145,0.0813599638945362
0.146146146146146,0.0819203899613962
0.147147147147147,0.082480803101756
0.148148148148148,0.0830412032333489
0.149149149149149,0.0836015902479738
0.15015015015015,0.0841619640613333
0.151151151151151,0.0847223245814997
0.152152152152152,0.0852826716830115
0.153153153153153,0.0858430053355617
0.154154154154154,0.0864033254138843
0.155155155155155,0.0869636318228867
0.156156156156156,0.0875239244697217
0.157157157157157,0.0880842032533315
0.158158158158158,0.0886444680805833
0.159159159159159,0.0892047188541975
0.16016016016016,0.0897649554763514
0.161161161161161,0.0903251778498474
0.162162162162162,0.0908853858818081
0.163163163163163,0.091445579460619
0.164164164164164,0.0920057584960088
0.165165165165165,0.0925659228823624
0.166166166166166,0.0931260725214331
0.167167167167167,0.0936862073114937
0.168168168168168,0.0942463271514518
0.169169169169169,0.094806431938434
0.17017017017017,0.0953665215689941
0.171171171171171,0.0959265959403418
0.172172172172172,0.0964866549504034
0.173173173173173,0.0970466984892958
0.174174174174174,0.0976067264538193
0.175175175175175,0.0981667387452659
0.176176176176176,0.0987267352438098
0.177177177177177,0.0992867158483557
0.178178178178178,0.0998466804520103
0.179179179179179,0.100406628946015
0.18018018018018,0.100966561224027
0.181181181181181,0.101526477170876
0.182182182182182,0.102086376679882
0.183183183183183,0.102646259639853
0.184184184184184,0.103206125938982
0.185185185185185,0.103765975466144
0.186186186186186,0.104325808108278
0.187187187187187,0.104885623752145
0.188188188188188,0.105445422286074
0.189189189189189,0.106005203597812
0.19019019019019,0.106564967561059
0.191191191191191,0.107124714022896
0.192192192192192,0.107684442954502
0.193193193193193,0.108244154195044
0.194194194194194,0.108803847726247
0.195195195195195,0.109363523231552
0.196196196196196,0.109923180691252
0.197197197197197,0.110482819987623
0.198198198198198,0.111042440994996
0.199199199199199,0.111602043595704
0.2002002002002,0.112161627421381
0.201201201201201,0.112721192832526
0.202202202202202,0.113280739633615
0.203203203203203,0.113840267381265
0.204204204204204,0.114399775944912
0.205205205205205,0.11495926568812
0.206206206206206,0.115518735812801
0.207207207207207,0.116078186709203
0.208208208208208,0.116637618078746
0.209209209209209,0.117197029793172
0.21021021021021,0.117756421725113
0.211211211211211,0.118315793744731
0.212212212212212,0.118875146080777
0.213213213213213,0.119434477896281
0.214214214214214,0.119993789410699
0.215215215215215,0.120553080215274
0.216216216216216,0.121112350998463
0.217217217217217,0.121671600524251
0.218218218218218,0.122230829480482
0.219219219219219,0.122790037464308
0.22022022022022,0.123349224339597
0.221221221221221,0.123908389970987
0.222222222222222,0.124467534220618
0.223223223223223,0.125026656954108
0.224224224224224,0.125585758328638
0.225225225225225,0.126144837314282
0.226226226226226,0.126703894649366
0.227227227227227,0.127262929904714
0.228228228228228,0.127821942938118
0.229229229229229,0.128380933608161
0.23023023023023,0.128939901792144
0.231231231231231,0.129498847306891
0.232232232232232,0.130057770020665
0.233233233233233,0.130616669792731
0.234234234234234,0.131175546475892
0.235235235235235,0.131734399922774
0.236236236236236,0.132293229984573
0.237237237237237,0.132852036513557
0.238238238238238,0.133410819359281
0.239239239239239,0.133969578370467
0.24024024024024,0.134528313400916
0.241241241241241,0.135087024289787
0.242242242242242,0.135645710887942
0.243243243243243,0.136204373040761
0.244244244244244,0.136763010617002
0.245245245245245,0.137321623415816
0.246246246246246,0.13788021130308
0.247247247247247,0.138438774120758
0.248248248248248,0.138997311872084
0.249249249249249,0.139555824082887
0.25025025025025,0.14011431074402
0.251251251251251,0.140672771697649
0.252252252252252,0.141231206783367
0.253253253253253,0.141789615837962
0.254254254254254,0.142347998697987
0.255255255255255,0.142906355198451
0.256256256256256,0.14346468519378
0.257257257257257,0.144022988480513
0.258258258258258,0.144581264934163
0.259259259259259,0.145139514337412
0.26026026026026,0.145697736547159
0.261261261261261,0.146255931392925
0.262262262262262,0.146814098703985
0.263263263263263,0.147372238308016
0.264264264264264,0.147930350033774
0.265265265265265,0.14848843370704
0.266266266266266,0.149046489153333
0.267267267267267,0.149604516200429
0.268268268268268,0.150162514665491
0.269269269269269,0.150720484374403
0.27027027027027,0.151278425148842
0.271271271271271,0.15183633680881
0.272272272272272,0.15239421919648
0.273273273273273,0.152952072087655
0.274274274274274,0.153509895321301
0.275275275275275,0.154067688713449
0.276276276276276,0.154625452081304
0.277277277277277,0.155183185242881
0.278278278278278,0.15574088800389
0.279279279279279,0.156298560180367
0.28028028028028,0.156856201585498
0.281281281281281,0.157413812029207
0.282282282282282,0.157971391321136
0.283283283283283,0.158528939269134
0.284284284284284,0.159086455682286
0.285285285285285,0.159643940389047
0.286286286286286,0.160201393175102
0.287287287287287,0.160758813815242
0.288288288288288,0.161316202140223
0.289289289289289,0.16187355795149
0.29029029029029,0.162430881050209
0.291291291291291,0.162988171236457
0.292292292292292,0.163545428308457
0.293293293293293,0.16410265206564
0.294294294294294,0.164659842304005
0.295295295295295,0.165216998823442
0.296296296296296,0.165774121409229
0.297297297297297,0.166331210096328
0.298298298298298,0.166888264207474
0.299299299299299,0.167445283767087
0.3003003003003,0.16800226858353
0.301301301301301,0.168559218408529
0.302302302302302,0.16911613304847
0.303303303303303,0.169673012289896
0.304304304304304,0.170229855917464
0.305305305305305,0.170786663720675
0.306306306306306,0.171343435474135
0.307307307307307,0.171900170963549
0.308308308308308,0.172456869969561
0.309309309309309,0.173013532270882
0.31031031031031,0.173570157647228
0.311311311311311,0.174126745874865
0.312312312312312,0.174683296729589
0.313313313313313,0.175239809985217
0.314314314314314,0.1757962854373
0.315315315315315,0.176352722838772
0.316316316316316,0.176909121934839
0.317317317317317,0.177465482517639
0.318318318318318,0.178021804357004
0.319319319319319,0.178578087219193
0.32032032032032,0.179134330869965
0.321321321321321,0.17969053507379
0.322322322322322,0.180246699593085
0.323323323323323,0.180802824191264
0.324324324324324,0.181358908628108
0.325325325325325,0.181914952666755
0.326326326326326,0.182470956056513
0.327327327327327,0.183026918559503
0.328328328328328,0.183582839930166
0.329329329329329,0.184138719941657
0.33033033033033,0.184694558307002
0.331331331331331,0.18525035479848
0.332332332332332,0.185806109165066
0.333333333333333,0.186361821155192
0.334334334334334,0.186917490515899
0.335335335335335,0.187473116995977
0.336336336336336,0.188028700333345
0.337337337337337,0.188584240274012
0.338338338338338,0.189139736671723
0.339339339339339,0.1896951890433
0.34034034034034,0.190250597238992
0.341341341341341,0.190805960897924
0.342342342342342,0.191361279947488
0.343343343343343,0.19191655402714
0.344344344344344,0.19247178288787
0.345345345345345,0.193026966346646
0.346346346346346,0.193582103909274
0.347347347347347,0.194137195424043
0.348348348348348,0.194692240616832
0.349349349349349,0.195247239214469
0.35035035035035,0.19580219093983
0.351351351351351,0.196357095515073
0.352352352352352,0.196911952660816
0.353353353353353,0.197466762095333
0.354354354354354,0.198021523537731
0.355355355355355,0.198576236706876
0.356356356356356,0.199130900629199
0.357357357357357,0.19968551635819
0.358358358358358,0.200240082975271
0.359359359359359,0.200794600135111
0.36036036036036,0.201349068341354
0.361361361361361,0.201903485789549
0.362362362362362,0.20245785292705
0.363363363363363,0.203012169458148
0.364364364364364,0.203566435083375
0.365365365365365,0.204120649506178
0.366366366366366,0.204674812417014
0.367367367367367,0.205228923515225
0.368368368368368,0.20578298250959
0.369369369369369,0.206336989067027
0.37037037037037,0.206890942891401
0.371371371371371,0.207444843672177
0.372372372372372,0.207998691096296
0.373373373373373,0.208552484867843
0.374374374374374,0.209106224637006
0.375375375375375,0.209659910102966
0.376376376376376,0.21021354095004
0.377377377377377,0.210767116848932
0.378378378378378,0.211320637482029
0.379379379379379,0.211874102523768
0.38038038038038,0.21242751164757
0.381381381381381,0.212980863735246
0.382382382382382,0.213534160010128
0.383383383383383,0.2140873993755
0.384384384384384,0.214640581497802
0.385385385385385,0.215193706041144
0.386386386386386,0.215746772671643
0.387387387387387,0.216299781041773
0.388388388388388,0.216852730840121
0.389389389389389,0.21740562167032
0.39039039039039,0.217958453213441
0.391391391391391,0.218511225120896
0.392392392392392,0.21906393704555
0.393393393393393,0.219616589750944
0.394394394394394,0.220169179636092
0.395395395395395,0.220721709492573
0.396396396396396,0.221274177945776
0.397397397397397,0.221826584644276
0.398398398398398,0.222378929215081
0.399399399399399,0.222931212513286
0.4004004004004,0.223483431778838
0.401401401401401,0.22403558782509
0.402402402402402,0.224587680283369
0.403403403403403,0.225139708780965
0.404404404404404,0.225691672958235
0.405405405405405,0.22624357152433
0.406406406406406,0.226795405857587
0.407407407407407,0.227347174721478
0.408408408408408,0.2278988777374
0.409409409409409,0.228450514511058
0.41041041041041,0.229002084660153
0.411411411411411,0.229553587794326
0.412412412412412,0.23010502352426
0.413413413413413,0.230656391455085
0.414414414414414,0.231207691190781
0.415415415415415,0.231758922333052
0.416416416416416,0.232310084480193
0.417417417417417,0.232861177231566
0.418418418418418,0.233412200180806
0.419419419419419,0.233963153036899
0.42042042042042,0.234514035155889
0.421421421421421,0.235064846241947
0.422422422422422,0.235615585882622
0.423423423423423,0.236166253659706
0.424424424424424,0.236716849153728
0.425425425425425,0.237267371942787
0.426426426426426,0.237817821601378
0.427427427427427,0.238368197705038
0.428428428428428,0.238918499815124
0.429429429429429,0.23946872751646
0.43043043043043,0.240018880371332
0.431431431431431,0.240568957931608
0.432432432432432,0.241118959765451
0.433433433433433,0.241668885429697
0.434434434434434,0.242218734479846
0.435435435435435,0.242768506492364
0.436436436436436,0.243318200968889
0.437437437437437,0.243867817483453
0.438438438438438,0.244417355579787
0.439439439439439,0.244966814800239
0.44044044044044,0.245516194684477
0.441441441441441,0.246065494774716
0.442442442442442,0.246614714593395
0.443443443443443,0.247163853679864
0.444444444444444,0.247712911561599
0.445445445445445,0.248261887852369
0.446446446446446,0.248810781899061
0.447447447447447,0.249359593309357
0.448448448448448,0.249908321603316
0.449449449449449,0.250456966961749
0.45045045045045,0.25100552691788
0.451451451451451,0.251554003614297
0.452452452452452,0.252102394561779
0.453453453453453,0.252650699942229
0.454454454454454,0.253198919245298
0.455455455455455,0.253747051972761
0.456456456456456,0.254295097618823
0.457457457457457,0.254843055673541
0.458458458458458,0.255390925627401
0.459459459459459,0.255938706964345
0.46046046046046,0.256486399166422
0.461461461461461,0.257034001712589
0.462462462462462,0.257581514078692
0.463463463463463,0.258128935736298
0.464464464464464,0.25867626616193
0.465465465465465,0.259223504811414
0.466466466466466,0.259770651172567
0.467467467467467,0.260317704665224
0.468468468468468,0.260864664765129
0.469469469469469,0.261411530928102
0.47047047047047,0.261958302673472
0.471471471471471,0.262504979306565
0.472472472472472,0.263051560342034
0.473473473473473,0.263598045219992
0.474474474474474,0.264144433376043
0.475475475475475,0.264690724245888
0.476476476476476,0.265236917262905
0.477477477477477,0.265783011844181
0.478478478478478,0.266329007417433
0.479479479479479,0.266874903400943
0.48048048048048,0.267420699213098
0.481481481481481,0.267966394265057
0.482482482482482,0.268511987985231
0.483483483483483,0.269057479739361
0.484484484484485,0.269602868948924
0.485485485485485,0.270148154995059
0.486486486486487,0.270693337305635
0.487487487487487,0.271238415254333
0.488488488488488,0.271783388232685
0.48948948948949,0.272328255614198
0.49049049049049,0.272873016781691
0.491491491491492,0.273417671113111
0.492492492492492,0.273962217978761
0.493493493493493,0.274506656746359
0.494494494494495,0.275050986779717
0.495495495495495,0.275595207504557
0.496496496496497,0.276139318143124
0.497497497497497,0.276683318116497
0.498498498498498,0.277227206771317
0.4994994994995,0.277770983470334
0.500500500500501,0.278314647520016
0.501501501501502,0.278858198265774
0.502502502502503,0.27940163504274
0.503503503503503,0.279944957180793
0.504504504504504,0.280488164001886
0.505505505505506,0.281031254825006
0.506506506506507,0.281574228964883
0.507507507507508,0.28211708573196
0.508508508508508,0.282659824431144
0.509509509509509,0.283202444366673
0.510510510510511,0.283744944834674
0.511511511511512,0.284287325128113
0.512512512512513,0.284829584535507
0.513513513513513,0.285371722344241
0.514514514514514,0.285913737827085
0.515515515515516,0.286455630280448
0.516516516516517,0.286997398938297
0.517517517517518,0.287539043084762
0.518518518518518,0.288080561980942
0.519519519519519,0.288621954942438
0.520520520520521,0.289163221101761
0.521521521521522,0.289704359765859
0.522522522522523,0.290245370176844
0.523523523523523,0.290786251572017
0.524524524524524,0.291327003183807
0.525525525525526,0.291867624243036
0.526526526526527,0.292408113965636
0.527527527527528,0.292948471572548
0.528528528528528,0.293488696276343
0.529529529529529,0.294028787284536
0.530530530530531,0.294568743799542
0.531531531531532,0.29510856501742
0.532532532532533,0.295648250149594
0.533533533533533,0.296187798323176
0.534534534534535,0.296727208785756
0.535535535535536,0.297266480689356
0.536536536536537,0.297805613204971
0.537537537537538,0.298344605496996
0.538538538538539,0.298883456732474
0.53953953953954,0.299422166055991
0.540540540540541,0.299960732621241
0.541541541541542,0.300499155571882
0.542542542542543,0.301037434045974
0.543543543543544,0.301575565870945
0.544544544544545,0.302113554139375
0.545545545545546,0.302651393954358
0.546546546546547,0.303189085788601
0.547547547547548,0.30372662875113
0.548548548548549,0.30426402196121
0.54954954954955,0.304801262866688
0.550550550550551,0.305338353749965
0.551551551551552,0.305875292144235
0.552552552552553,0.306412077118449
0.553553553553554,0.306948707751766
0.554554554554555,0.307485183111534
0.555555555555556,0.308021502257276
0.556556556556557,0.30855766424719
0.557557557557558,0.309093668128186
0.558558558558559,0.309629514263088
0.55955955955956,0.310165199062951
0.560560560560561,0.310700722861884
0.561561561561562,0.311236084680978
0.562562562562563,0.311771283539341
0.563563563563564,0.312306318445232
0.564564564564565,0.312841188406459
0.565565565565566,0.313375892427314
0.566566566566567,0.313910429466603
0.567567567567568,0.314444798523492
0.568568568568569,0.314978998576662
0.56956956956957,0.315513028661684
0.570570570570571,0.316046887603042
0.571571571571572,0.316580574424645
0.572572572572573,0.317114088074106
0.573573573573574,0.31764742749188
0.574574574574575,0.31818059160976
0.575575575575576,0.318713579356533
0.576576576576577,0.319246389649272
0.577577577577578,0.319779021404047
0.578578578578579,0.320311473695141
0.57957957957958,0.320843745060785
0.580580580580581,0.321375834570289
0.581581581581582,0.321907741107291
0.582582582582583,0.322439463543339
0.583583583583584,0.322971000760905
0.584584584584585,0.323502351582577
0.585585585585586,0.324033514875275
0.586586586586587,0.3245644894789
0.587587587587588,0.325095274229787
0.588588588588589,0.325625867951552
0.58958958958959,0.326156269461137
0.590590590590591,0.326686477572218
0.591591591591592,0.327216491074939
0.592592592592593,0.327746308766274
0.593593593593594,0.328275929493016
0.594594594594595,0.328805351902126
0.595595595595596,0.329334574824094
0.596596596596597,0.329863597016281
0.597597597597598,0.330392417227259
0.598598598598599,0.330921034196716
0.5995995995996,0.331449446653844
0.600600600600601,0.331977653340816
0.601601601601602,0.332505652933587
0.602602602602603,0.333033444153182
0.603603603603604,0.333561025693681
0.604604604604605,0.334088396244868
0.605605605605606,0.334615554471783
0.606606606606607,0.335142499043805
0.607607607607608,0.335669228620175
0.608608608608609,0.336195741845723
0.60960960960961,0.336722037357083
0.610610610610611,0.337248113781011
0.611611611611612,0.337773969734299
0.612612612612613,0.338299603822095
0.613613613613614,0.338825014644233
0.614614614614615,0.339350200785408
0.615615615615616,0.339875160821646
0.616616616616617,0.340399893318544
0.617617617617618,0.340924396890316
0.618618618618619,0.3414486701422
0.61961961961962,0.34197271130407
0.620620620620621,0.342496519084502
0.621621621621622,0.343020091993886
0.622622622622623,0.343543428533245
0.623623623623624,0.344066527192494
0.624624624624625,0.344589386450332
0.625625625625626,0.345112004624007
0.626626626626627,0.345634380468354
0.627627627627628,0.346156512280639
0.628628628628629,0.346678398492066
0.62962962962963,0.347200037523687
0.630630630630631,0.347721429826252
0.631631631631632,0.348242569735078
0.632632632632633,0.348763457658673
0.633633633633634,0.349284089286658
0.634634634634635,0.349804468252379
0.635635635635636,0.350324590327756
0.636636636636637,0.350844453813309
0.637637637637638,0.351364057050089
0.638638638638639,0.351883398348313
0.63963963963964,0.352402476003505
0.640640640640641,0.352921288303602
0.641641641641642,0.353439833517877
0.642642642642643,0.35395810996719
0.643643643643644,0.354476115769129
0.644644644644645,0.354993849218476
0.645645645645646,0.355511308532448
0.646646646646647,0.356028491918386
0.647647647647648,0.356545397557955
0.648648648648649,0.357062023630513
0.64964964964965,0.357578368297275
0.650650650650651,0.358094429705108
0.651651651651652,0.358610205986391
0.652652652652653,0.359125695258868
0.653653653653654,0.359640895642524
0.654654654654655,0.360155805191151
0.655655655655656,0.360670422218632
0.656656656656657,0.361184744332587
0.657657657657658,0.361698769801917
0.658658658658659,0.362212496653408
0.65965965965966,0.362725922898228
0.660660660660661,0.363239046535818
0.661661661661662,0.363751865537241
0.662662662662663,0.36426437786981
0.663663663663664,0.364776581480365
0.664664664664665,0.365288474299257
0.665665665665666,0.365800056778985
0.666666666666667,0.366311321819513
0.667667667667668,0.366822269709331
0.668668668668669,0.367332898362518
0.66966966966967,0.367843205622794
0.670670670670671,0.368353189317977
0.671671671671672,0.368862847258174
0.672672672672673,0.369372177250027
0.673673673673674,0.369881177038548
0.674674674674675,0.370389844392725
0.675675675675676,0.370898177057976
0.676676676676677,0.371406172741782
0.677677677677678,0.371913829148931
0.678678678678679,0.372421143960302
0.67967967967968,0.372928114837531
0.680680680680681,0.373434739422809
0.681681681681682,0.373941015337046
0.682682682682683,0.374446940186249
0.683683683683684,0.37495251155132
0.684684684684685,0.37545772699458
0.685685685685686,0.375962584057846
0.686686686686687,0.376467080262214
0.687687687687688,0.376971213107832
0.688688688688689,0.377474980072016
0.68968968968969,0.377978378615749
0.690690690690691,0.378481406236099
0.691691691691692,0.37898406035686
0.692692692692693,0.379486334707073
0.693693693693694,0.379988233599355
0.694694694694695,0.38048975102579
0.695695695695696,0.380990884311451
0.696696696696697,0.38149163484223
0.697697697697698,0.381991988242382
0.698698698698699,0.382491952814115
0.6996996996997,0.382991522307379
0.700700700700701,0.383490693929208
0.701701701701702,0.383989464861333
0.702702702702703,0.384487832260812
0.703703703703704,0.384985793257424
0.704704704704705,0.385483344969666
0.705705705705706,0.385980484462576
0.706706706706707,0.38647720879871
0.707707707707708,0.386973519756708
0.708708708708709,0.387469404979353
0.70970970970971,0.38796486604326
0.710710710710711,0.388459899908821
0.711711711711712,0.388954503501348
0.712712712712713,0.389448673713599
0.713713713713714,0.389942407412055
0.714714714714715,0.390435701472418
0.715715715715716,0.390928552628415
0.716716716716717,0.391420957699141
0.717717717717718,0.391912913436004
0.718718718718719,0.392404416559295
0.71971971971972,0.392895463763944
0.720720720720721,0.393386051714139
0.721721721721722,0.393876177032091
0.722722722722723,0.394365836322003
0.723723723723724,0.394855026152289
0.724724724724725,0.395343743059579
0.725725725725726,0.39583198290689
0.726726726726727,0.396319743446999
0.727727727727728,0.396807020491778
0.728728728728729,0.397293810421934
0.72972972972973,0.397780109622112
0.730730730730731,0.398265914430087
0.731731731731732,0.398751221149073
0.732732732732733,0.399236026047297
0.733733733733734,0.399720325356088
0.734734734734735,0.400204115275481
0.735735735735736,0.400687391968696
0.736736736736737,0.401170151551276
0.737737737737738,0.401652390114244
0.738738738738739,0.402134103737941
0.73973973973974,0.402615288369795
0.740740740740741,0.403095940013028
0.741741741741742,0.40357605460387
0.742742742742743,0.404055628034474
0.743743743743744,0.404534656158445
0.744744744744745,0.40501313034823
0.745745745745746,0.40549105510752
0.746746746746747,0.40596842188719
0.747747747747748,0.406445226345077
0.748748748748749,0.406921464140181
0.74974974974975,0.407397131217559
0.750750750750751,0.407872222455653
0.751751751751752,0.408346733701663
0.752752752752753,0.408820660430234
0.753753753753754,0.409293998064764
0.754754754754755,0.409766741982503
0.755755755755756,0.410238887513954
0.756756756756757,0.410710429940232
0.757757757757758,0.411181364621321
0.758758758758759,0.411651686497501
0.75975975975976,0.412121390829455
0.760760760760761,0.412590472704457
0.761761761761762,0.413058927159197
0.762762762762763,0.413526749218699
0.763763763763764,0.413993933734054
0.764764764764765,0.41446047564551
0.765765765765766,0.414926369748636
0.766766766766767,0.415391610837043
0.767767767767768,0.415856193618074
0.768768768768769,0.416320112760039
0.76976976976977,0.416783362869272
0.770770770770771,0.417245938494936
0.771771771771772,0.417707834126185
0.772772772772773,0.418169044199676
0.773773773773774,0.418629563086073
0.774774774774775,0.419089385097793
0.775775775775776,0.419548504485977
0.776776776776777,0.420006915439622
0.777777777777778,0.420464612084702
0.778778778778779,0.420921588483269
0.77977977977978,0.421377838630563
0.780780780780781,0.421833356462126
0.781781781781782,0.422288135845765
0.782782782782783,0.422742170568018
0.783783783783784,0.423195454375542
0.784784784784785,0.423647980900922
0.785785785785786,0.42409974377834
0.786786786786787,0.424550736457595
0.787787787787788,0.425000952414321
0.788788788788789,0.425450379747917
0.78978978978979,0.425899022122232
0.790790790790791,0.426346867655008
0.791791791791792,0.426793909488841
0.792792792792793,0.427240140686979
0.793793793793794,0.427685554233153
0.794794794794795,0.428130143030375
0.795795795795796,0.428573900219354
0.796796796796797,0.42901681789176
0.797797797797798,0.429458889034521
0.798798798798799,0.429900106201379
0.7997997997998,0.430340461879955
0.800800800800801,0.4307799484624
0.801801801801802,0.431218558251065
0.802802802802803,0.431656283473796
0.803803803803804,0.432093116212558
0.804804804804805,0.432529048514497
0.805805805805806,0.432964072305636
0.806806806806807,0.433398179417761
0.807807807807808,0.433831361584025
0.808808808808809,0.434263610478674
0.80980980980981,0.434694917549027
0.810810810810811,0.435125274832894
0.811811811811812,0.435554672502695
0.812812812812813,0.435983102359582
0.813813813813814,0.436410555514274
0.814814814814815,0.436837022950437
0.815815815815816,0.437262495559373
0.816816816816817,0.437686964111671
0.817817817817818,0.438110419359608
0.818818818818819,0.438532851641789
0.81981981981982,0.438954251473321
0.820820820820821,0.439374621481133
0.821821821821822,0.439793927515618
0.822822822822823,0.44021217162108
0.823823823823824,0.44062934371413
0.824824824824825,0.441045427093927
0.825825825825826,0.441460424104104
0.826826826826827,0.441874318054649
0.827827827827828,0.442287091842428
0.828828828828829,0.442698747437011
0.82982982982983,0.443109267685552
0.830830830830831,0.443518641583448
0.831831831831832,0.443926857873241
0.832832832832833,0.444333905247618
0.833833833833834,0.44473977242079
0.834834834834835,0.445144447323505
0.835835835835836,0.445547918360538
0.836836836836837,0.445950173569792
0.837837837837838,0.446351200818019
0.838838838838839,0.446750987821224
0.83983983983984,0.447149522085247
0.840840840840841,0.447546790984066
0.841841841841842,0.447942781701808
0.842842842842843,0.448337481243301
0.843843843843844,0.448730876428299
0.844844844844845,0.449122953976827
0.845845845845846,0.449513700172124
0.846846846846847,0.449903101349277
0.847847847847848,0.450291143564703
0.848848848848849,0.450677813209435
0.84984984984985,0.451063094846887
0.850850850850851,0.451446974472479
0.851851851851852,0.451829437341852
0.852852852852853,0.452210468416756
0.853853853853854,0.452590052516253
0.854854854854855,0.452968174207691
0.855855855855856,0.453344817828625
0.856856856856857,0.453719967493517
0.857857857857858,0.454093607043377
0.858858858858859,0.454465720110279
0.85985985985986,0.45483629040827
0.860860860860861,0.45520530035243
0.861861861861862,0.455572731014887
0.862862862862863,0.455938561480627
0.863863863863864,0.456302787334058
0.864864864864865,0.456665383229174
0.865865865865866,0.457026330494362
0.866866866866867,0.457385610833587
0.867867867867868,0.457743205433044
0.868868868868869,0.458099095259086
0.86986986986987,0.458453260729342
0.870870870870871,0.458805682230703
0.871871871871872,0.459156339638504
0.872872872872873,0.459505212627829
0.873873873873874,0.459852280462556
0.874874874874875,0.460197522092309
0.875875875875876,0.460540916123778
0.876876876876877,0.460882440797036
0.877877877877878,0.461222073997104
0.878878878878879,0.461559793227076
0.87987987987988,0.461895575612409
0.880880880880881,0.462229397888943
0.881881881881882,0.462561236393949
0.882882882882883,0.462891067056897
0.883883883883884,0.463218865389975
0.884884884884885,0.463544606475657
0.885885885885886,0.463868264967532
0.886886886886887,0.464189815063135
0.887887887887888,0.4645092305101
0.888888888888889,0.464826484604945
0.88988988988989,0.465141550123249
0.890890890890891,0.465454399404963
0.891891891891892,0.465765004307176
0.892892892892893,0.466073335751282
0.893893893893894,0.466379352417559
0.894894894894895,0.466683048906949
0.895895895895896,0.466984383410994
0.896896896896897,0.467283323722722
0.897897897897898,0.467579839008225
0.898898898898899,0.467873897162821
0.8998998998999,0.468165465472304
0.900900900900901,0.468454510445049
0.901901901901902,0.468740998318655
0.902902902902903,0.469024894314853
0.903903903903904,0.469306163119202
0.904904904904905,0.469584768638823
0.905905905905906,0.469860674167027
0.906906906906907,0.470133852324372
0.907907907907908,0.470404244987571
0.908908908908909,0.470671806659898
0.90990990990991,0.470936529468883
0.910910910910911,0.471198357024679
0.911911911911912,0.471457257369214
0.912912912912913,0.471713158737242
0.913913913913914,0.471966047153758
0.914914914914915,0.472215867394543
0.915915915915916,0.47246254979024
0.916916916916917,0.472706113940183
0.917917917917918,0.472946458446597
0.918918918918919,0.473183557058281
0.91991991991992,0.473417345771044
0.920920920920921,0.473647767201464
0.921921921921922,0.473874810814569
0.922922922922923,0.474098383563725
0.923923923923924,0.474318519531883
0.924924924924925,0.474534995352301
0.925925925925926,0.474747866694974
0.926926926926927,0.474957074276211
0.927927927927928,0.47516251150944
0.928928928928929,0.475364175720835
0.92992992992993,0.47556196965479
0.930930930930931,0.475755805700029
0.931931931931932,0.475945698696359
0.932932932932933,0.476131521656219
0.933933933933934,0.476313218493636
0.934934934934935,0.476490714743272
0.935935935935936,0.476663915268238
0.936936936936937,0.476832807599542
0.937937937937938,0.476997285946927
0.938938938938939,0.477157269000774
0.93993993993994,0.477312679521882
0.940940940940941,0.477463411797071
0.941941941941942,0.47760945665231
0.942942942942943,0.477750619177088
0.943943943943944,0.477886897664204
0.944944944944945,0.478018160040961
0.945945945945946,0.478144346640238
0.946946946946947,0.478265331146914
0.947947947947948,0.478381023803615
0.948948948948949,0.478491323010353
0.94994994994995,0.478596096832864
0.950950950950951,0.478695290713727
0.951951951951952,0.478788762393801
0.952952952952953,0.478876408557718
0.953953953953954,0.478958115902785
0.954954954954955,0.479033742420148
0.955955955955956,0.479103175856641
0.956956956956957,0.479166285643892
0.957957957957958,0.47922293823066
0.958958958958959,0.479272997292359
0.95995995995996,0.479316320546505
0.960960960960961,0.479352761529704
0.961961961961962,0.47938213141951
0.962962962962963,0.479404346771097
0.963963963963964,0.479419203061041
0.964964964964965,0.479426546652379
0.965965965965966,0.479426197569417
0.966966966966967,0.479417976382859
0.967967967967968,0.47940169720791
0.968968968968969,0.479377167402778
0.96996996996997,0.479344154344336
0.970970970970971,0.479302514526105
0.971971971971972,0.479252001738935
0.972972972972973,0.479192392528924
0.973973973973974,0.479123454707773
0.974974974974975,0.479044947186945
0.975975975975976,0.478956610450597
0.976976976976977,0.47885819856242
0.977977977977978,0.47874940141547
0.978978978978979,0.478629994345091
0.97997997997998,0.478499651685846
0.980980980980981,0.478358066801285
0.981981981981982,0.478204916214801
0.982982982982983,0.478039862996328
0.983983983983984,0.477862554809735
0.984984984984985,0.477672593341138
0.985985985985986,0.477469649352506
0.986986986986987,0.477253290353916
0.987987987987988,0.47702309168429
0.988988988988989,0.476778607101274
0.98998998998999,0.476519361880325
0.990990990990991,0.476244846610117
0.991991991991992,0.475954590219255
0.992992992992993,0.475648019118893
0.993993993993994,0.475324555668128
0.994994994994995,0.474983589461325
0.995995995995996,0.474624475071058
0.996996996996997,0.474246500280098
0.997997997997998,0.473848995329388
0.998998998998999,0.473431164261392
1,0.472992188953321
